{
    "class_weight": "balanced",
    "colsample_bytree": 0.901762815367752,
    "learning_rate": 0.09363326181858954,
    "max_depth": 8,
    "n_estimators": 257,
    "num_leaves": 57,
    "objective": "multiclass",
    "random_state": 42,
    "subsample": 0.9957785716550018,
    "verbosity": -1
}
